Country;Year;PIB;Inflation;Chomage
Burundi;2009;3,812746937;10,55543553;1,629999995
Burundi;2010;5,124157796;6,493265915;1,623000026
Burundi;2011;4,032599988;9,59216606;1,60800004
Burundi;2012;4,446706331;18,16104531;1,601999998
Burundi;2013;4,924189898;7,937958075;1,590000033
Burundi;2014;4,240650214;4,405352342;1,577999949
Burundi;2015;-3,90000008;5,544688913;1,570000052
Burundi;2016;-0,600000909;5,557689614;1,600000024
Burundi;2017;0,500001262;16,0525353;1,590000033
Burundi;2018;1,609935421;-2,814698077;1,587000012
Burundi;2019;1,812565324;-0,686772171;1,588999987
Burundi;2020;0,327156893;7,321106434;1,707000017
Burundi;2021;1,795299998;8,404538451;1,792000055
Congo, Rep.;2009;11,63728886;4,415003748;19,98399925
Congo, Rep.;2010;9,931265431;0,391525011;19,99699974
Congo, Rep.;2011;2,205919363;1,759587043;20,06599998
Congo, Rep.;2012;9,947153143;5,010187731;20,18400002
Congo, Rep.;2013;-0,712434452;4,631616197;20,1760006
Congo, Rep.;2014;6,716679334;0,912139545;20,31699944
Congo, Rep.;2015;-3,550581765;3,169097968;20,30999947
Congo, Rep.;2016;-10,78323827;3,190561797;20,4470005
Congo, Rep.;2017;-4,382530946;0,450063823;20,55900002
Congo, Rep.;2018;-4,805351558;1,152778964;20,61400032
Congo, Rep.;2019;-0,086885958;2,206073058;20,62199974
Congo, Rep.;2020;-6,239319632;1,795371471;22,84300041
Congo, Rep.;2021;-3,5;1,715642755;23,01099968
Central African Republic;2009;8,587260426;3,521262272;5,46999979
Central African Republic;2010;4,630818432;1,4910237;5,486999989
Central African Republic;2011;4,194615337;1,194475724;5,665999889
Central African Republic;2012;5,053761254;5,478295943;5,614999771
Central African Republic;2013;-36,3919771;6,98879342;5,546000004
Central African Republic;2014;0,081070515;14,89868418;5,515999794
Central African Republic;2015;4,33712103;1,402970171;5,528999805
Central African Republic;2016;4,750316841;4,945432761;5,605999947
Central African Republic;2017;4,527278213;4,180723319;5,65199995
Central African Republic;2018;3,789443593;1,61215687;5,605000019
Central African Republic;2019;3,1;2,685373553;5,623000145
Central African Republic;2020;0,899999997;1,710156595;6,356999874
Central African Republic;2021;0,900000007;4,259364175;6,574999809
Benin;2009;2,319292139;0,896072356;0,941999972
Benin;2010;2,114064726;2,207835325;0,995000005
Benin;2011;2,963752919;2,704239077;1,039999962
Benin;2012;4,811223316;6,744682533;2,650000095
Benin;2013;7,191433721;0,428888889;2,470999956
Benin;2014;6,357679098;-0,548757551;2,286999941
Benin;2015;1,77815106;0,218785924;2,132999897
Benin;2016;3,339673426;-0,794050174;2,006999969
Benin;2017;5,671555469;1,769412474;1,827999949
Benin;2018;6,697259461;0,644803622;1,470000029
Benin;2019;6,865687336;-0,705026635;1,470000029
Benin;2020;3,8487924;3,022721197;1,583999991
Benin;2021;6,600001011;1,733552342;1,574000001
Botswana;2009;-7,652310196;8,027297031;16,6420002
Botswana;2010;8,563630828;6,948876587;16,17000008
Botswana;2011;6,048361448;8,459872334;17,86000061
Botswana;2012;4,456144448;7,536902611;18,41699982
Botswana;2013;11,34339701;5,884607071;18,95100021
Botswana;2014;4,149262247;4,402253092;19,40099907
Botswana;2015;-5,717682557;3,062031696;19,99099922
Botswana;2016;7,036896951;2,814957914;20,57099915
Botswana;2017;4,00344974;3,308280768;21,02899933
Botswana;2018;3,98039539;3,238015589;22,07099915
Botswana;2019;3,348910139;2,772864429;22,61000061
Botswana;2020;-8,726410346;1,890359168;24,93000031
Botswana;2021;11,36413637;7,240977656;24,72200012
Burkina Faso;2009;2,961950859;2,608176664;3,413000107
Burkina Faso;2010;8,446281577;-0,764230735;3,559000015
Burkina Faso;2011;6,622562613;2,759767249;3,644999981
Burkina Faso;2012;6,45267238;3,818152403;3,785000086
Burkina Faso;2013;5,792584845;0,533738507;3,913000107
Burkina Faso;2014;4,326845615;-0,258089518;4,046999931
Burkina Faso;2015;3,921228794;0,724838981;4,188000202
Burkina Faso;2016;5,957976708;0,441041448;4,321000099
Burkina Faso;2017;6,203489411;1,482998972;4,434000015
Burkina Faso;2018;6,604569068;1,955943027;4,690000057
Burkina Faso;2019;5,688115149;-3,23338934;4,69299984
Burkina Faso;2020;1,93032489;1,884700665;4,894999981
Burkina Faso;2021;6,906341673;3,653267618;4,757999897
Cabo Verde;2009;-1,270425968;0,991103481;10,72999954
Cabo Verde;2010;1,466790097;2,078664709;10,72500038
Cabo Verde;2011;3,968886345;4,473883422;10,67000008
Cabo Verde;2012;1,081918279;2,540396442;10,88300037
Cabo Verde;2013;0,802797601;1,506542857;11,12100029
Cabo Verde;2014;0,611212666;-0,238778145;11,34799957
Cabo Verde;2015;1,006863707;0,131187999;11,57499981
Cabo Verde;2016;4,705791509;-1,407816371;11,80000019
Cabo Verde;2017;3,702039188;0,784415251;12,00800037
Cabo Verde;2018;4,531161684;1,256995667;12,17000008
Cabo Verde;2019;5,66775246;1,106666743;12,21899986
Cabo Verde;2020;-14,78340501;0,605795808;15,30599976
Cabo Verde;2021;6,952448694;1,862152975;15,42300034
Cameroon;2009;2,579251775;3,043618479;3,411999941
Cameroon;2010;2,899024724;1,275380462;3,76699996
Cameroon;2011;3,379211288;2,939699463;4,110000134
Cameroon;2012;4,625978719;2,742534075;3,964999914
Cameroon;2013;4,995529159;2,05908684;3,822000027
Cameroon;2014;5,719818144;1,834130781;3,674999952
Cameroon;2015;5,666952991;2,685982772;3,529999971
Cameroon;2016;4,535794236;0,861740258;3,551000118
Cameroon;2017;3,541176549;0,642673522;3,575000048
Cameroon;2018;3,95551424;1,074299452;3,617000103
Cameroon;2019;3,475059979;2,452802141;3,638000011
Cameroon;2020;0,491914742;2,437608822;3,836999893
Cameroon;2021;3,486599241;2,271857625;3,86500001
Chad;2009;4,217695552;9,952422907;0,941999972
Chad;2010;13,55010086;-2,077865746;0,958999991
Chad;2011;0,082869798;2,029240537;0,963999987
Chad;2012;8,882576072;7,516623647;1
Chad;2013;5,700001363;0,222671565;1,006000042
Chad;2014;6,899985045;1,681973139;1,029000044
Chad;2015;2,767675685;4,377126651;1,046000004
Chad;2016;-6,255527085;-0,792440525;1,07099998
Chad;2017;-2,988695986;-1,53709963;1,103999972
Chad;2018;2,3740378;4,274621986;1,129999995
Chad;2019;3,247181917;-0,971939175;1,123000026
Chad;2020;-1,600006737;4,464144372;1,741999984
Chad;2021;-1,199990525;-0,77284437;1,881999969
Cote d'Ivoire;2009;3,603321566;1,019504577;6,368000031
Cote d'Ivoire;2010;6,848049401;1,226456121;6,592999935
Cote d'Ivoire;2011;-5,370447241;4,912433951;6,835000038
Cote d'Ivoire;2012;7,620411763;1,304511199;7,125
Cote d'Ivoire;2013;10,76021313;2,581170373;7,21999979
Cote d'Ivoire;2014;9,371999942;0,448682077;4,25
Cote d'Ivoire;2015;7,194090645;1,251499548;3,700999975
Cote d'Ivoire;2016;7,179207824;0,723178458;3,148999929
Cote d'Ivoire;2017;7,359638088;0,685881065;2,599999905
Cote d'Ivoire;2018;6,89028432;0,359409031;3,292999983
Cote d'Ivoire;2019;6,231709513;-1,10686344;3,318000078
Cote d'Ivoire;2020;1,958332479;2,425006568;3,487999916
Cote d'Ivoire;2021;7,021501836;4,091951897;3,467999935
Guinea;2009;-1,122641485;4,68438869;4,724999905
Guinea;2010;4,813362867;15,46198107;4,806000233
Guinea;2011;5,612108175;21,35046642;4,772999763
Guinea;2012;5,915288884;15,22510139;4,793000221
Guinea;2013;3,945683805;11,88789561;4,81799984
Guinea;2014;3,696541843;7,07202121;4,866000175
Guinea;2015;3,825921667;10,82068212;4,895999908
Guinea;2016;10,82062144;8,172116963;4,922999859
Guinea;2017;10,30000473;8,91452597;4,880000114
Guinea;2018;6,358491927;9,826001808;4,982999802
Guinea;2019;5,616914469;9,470779373;5,019999981
Guinea;2020;4,637277536;10,60186;6,103000164
Guinea;2021;3,12323;12,59706951;6,342000008
Equatorial Guinea;2009;1,343356288;4,691065677;8,49600029
Equatorial Guinea;2010;-8,924175889;7,78916548;8,548999786
Equatorial Guinea;2011;6,52392363;4,805389222;8,81799984
Equatorial Guinea;2012;8,312871844;3,656620483;8,727999687
Equatorial Guinea;2013;-4,133198501;2,948876946;8,612999916
Equatorial Guinea;2014;0,415066302;4,309998661;8,512999535
Equatorial Guinea;2015;-9,110041149;1,676630853;8,482999802
Equatorial Guinea;2016;-8,816417232;1,411939155;8,543999672
Equatorial Guinea;2017;-5,667502957;0,745599218;8,62899971
Equatorial Guinea;2018;-6,236550982;1,349884388;8,623999596
Equatorial Guinea;2019;-5,48182338;1,238698602;8,678999901
Equatorial Guinea;2020;-4,241478166;4,769704981;9,901000023
Equatorial Guinea;2021;-0,9453919;4,7;9,244999886
Ethiopia;2009;8,802553198;8,483644045;2,405999899
Ethiopia;2010;12,55053835;8,14926403;2,380000114
Ethiopia;2011;11,17829623;33,24995988;2,338999987
Ethiopia;2012;8,647811633;23,60041768;2,312000036
Ethiopia;2013;10,58227005;7,464021929;2,286999941
Ethiopia;2014;10,25749296;6,890019516;2,25
Ethiopia;2015;10,39246302;9,56889956;2,262000084
Ethiopia;2016;9,433482658;6,628133372;2,273999929
Ethiopia;2017;9,564189643;10,68711503;2,288000107
Ethiopia;2018;6,816147797;13,83303566;2,318000078
Ethiopia;2019;8,364085699;15,80963217;2,325999975
Ethiopia;2020;6,059530886;20,35634686;3,236999989
Ethiopia;2021;5,637303008;26,83952216;3,694000006
Gabon;2009;0,13033112;1,885707546;19,09399986
Gabon;2010;7,089887315;1,461544027;19,76399994
Gabon;2011;7,091753343;1,263317078;20,38999939
Gabon;2012;5,251076918;2,652418287;20,42900085
Gabon;2013;5,638699003;0,505441059;20,48800087
Gabon;2014;4,314964441;4,690457518;20,52099991
Gabon;2015;3,878899395;-0,338795189;20,57299995
Gabon;2016;2,091442208;2,106707128;20,61300087
Gabon;2017;0,472642031;2,651925831;20,66900063
Gabon;2018;0,837916581;4,749066521;20,74900055
Gabon;2019;3,920808795;2,464567562;20,74200058
Gabon;2020;-1,83776093;1,17681176;21,97200012
Gabon;2021;1,505359401;1,17;22,26499939
Gambia, The;2009;6,665724308;4,561506877;9,300000191
Gambia, The;2010;5,90833581;5,049680759;9,324000359
Gambia, The;2011;-8,130444223;4,795882662;9,357999802
Gambia, The;2012;5,241569246;4,254321998;9,508999825
Gambia, The;2013;2,87276879;5,699129896;9,420000076
Gambia, The;2014;-1,407382495;5,947999357;9,453000069
Gambia, The;2015;4,058073804;6,808454946;9,503000259
Gambia, The;2016;1,943359655;7,228792721;9,467000008
Gambia, The;2017;4,822611249;8,034189745;9,498000145
Gambia, The;2018;7,234890333;6,520968239;9,475999832
Gambia, The;2019;6,22205316;7,115676256;9,498000145
Gambia, The;2020;-0,201822911;5,931276366;11,08100033
Gambia, The;2021;5,626499143;7,370347589;11,21199989
Ghana;2009;4,844487052;19,24694822;4,992000103
Ghana;2010;7,899711941;10,73338984;5,217000008
Ghana;2011;14,04712358;8,728459371;5,380000114
Ghana;2012;9,292789406;11,18634094;5,596000195
Ghana;2013;7,312525017;11,66619231;5,910999775
Ghana;2014;2,856240163;15,48961603;6,203000069
Ghana;2015;2,120759338;17,1499695;6,524000168
Ghana;2016;3,37346575;17,45463471;6,809999943
Ghana;2017;8,128894881;12,37192155;5,52699995
Ghana;2018;6,200077681;7,808765166;4,276000023
Ghana;2019;6,507774794;7,143640033;4,315999985
Ghana;2020;0,513941648;9,887289563;4,651000023
Ghana;2021;5,356477897;9,971088675;4,703999996
Kenya;2009;3,306939816;9,234125924;2,915999889
Kenya;2010;8,058473603;3,961388891;2,884000063
Kenya;2011;5,12110612;14,02249396;2,838999987
Kenya;2012;4,568679614;9,377767482;2,836999893
Kenya;2013;3,797848393;5,71749357;2,83100009
Kenya;2014;5,020111002;6,878154993;2,808000088
Kenya;2015;4,967721128;6,582174403;2,795000076
Kenya;2016;4,213517068;6,297157525;2,77699995
Kenya;2017;3,837958174;8,005722791;2,75999999
Kenya;2018;5,647946407;4,689819761;4,249000072
Kenya;2019;5,114158858;5,235859994;5,010000229
Kenya;2020;-0,250155705;5,404814672;5,729000092
Kenya;2021;7,517355387;6,110909164;5,742000103
Lesotho;2009;-1,255514626;7,305851166;28,76000023
Lesotho;2010;5,266280653;3,461525866;28,02499962
Lesotho;2011;4,614252238;5,036630521;27,07900047
Lesotho;2012;6,334821701;6,051436621;26,24399948
Lesotho;2013;1,792531445;4,865118995;25,36899948
Lesotho;2014;1,710544004;5,37028961;24,57999992
Lesotho;2015;3,127557724;3,218445137;24,22100067
Lesotho;2016;3,588364597;6,596504907;23,8409996
Lesotho;2017;-3,141949946;4,447699374;23,47500038
Lesotho;2018;-1,223137311;4,751803016;22,81299973
Lesotho;2019;2,401781154;5,187083592;22,44000053
Lesotho;2020;-7,556733624;4,978096763;24,56299973
Lesotho;2021;1,015870819;6,04774592;24,59799957
Madagascar;2009;-3,978708613;8,954218024;3,582000017
Madagascar;2010;0,619239746;9,247321736;3,974999905
Madagascar;2011;1,578427051;9,482540486;4,28000021
Madagascar;2012;3,011148115;5,713844342;2,444000006
Madagascar;2013;2,300376232;5,826429445;0,600000024
Madagascar;2014;3,339203113;6,080408111;0,995000005
Madagascar;2015;3,132298073;7,404191742;1,389999986
Madagascar;2016;3,993146064;6,035758582;1,789999962
Madagascar;2017;3,933307595;8,609050754;1,804999948
Madagascar;2018;3,20001288;8,594229589;1,843000054
Madagascar;2019;4,4;5,610514415;1,856999993
Madagascar;2020;-7,14061;4,201793122;2,473999977
Madagascar;2021;4,40234;4,2;2,594000101
Mali;2009;4,806322267;2,463751886;10,49400043
Mali;2010;5,313935279;1,108926907;9,286999702
Mali;2011;3,21313378;2,955643952;8,069999695
Mali;2012;-0,836734632;5,323128471;6,900000095
Mali;2013;2,29506829;-0,606736356;6,650000095
Mali;2014;7,084683881;0,883814547;6,349999905
Mali;2015;6,171800024;1,450690576;6,380000114
Mali;2016;5,852299199;-1,799647071;7,730000019
Mali;2017;5,305456084;1,759857429;7,570000172
Mali;2018;4,746484327;0,299546507;7,427999973
Mali;2019;4,756160808;-1,658266948;7,441999912
Mali;2020;-1,235450447;0,43808894;7,696000099
Mali;2021;3,069870047;3,925602831;7,71999979
Mauritania;2009;0,097875872;2,220920324;9,87100029
Mauritania;2010;2,620229521;6,283540874;9,873999596
Mauritania;2011;4,172783283;5,686319596;9,862000465
Mauritania;2012;4,470013182;4,902427272;9,857000351
Mauritania;2013;4,150813186;4,129101738;9,859999657
Mauritania;2014;4,274823271;3,534368561;9,956999779
Mauritania;2015;5,376339237;3,237703083;10,05099964
Mauritania;2016;1,260909224;1,48600677;10,13799953
Mauritania;2017;6,270545694;2,275034573;10,26099968
Mauritania;2018;4,526746225;3,048914829;10,38500023
Mauritania;2019;5,75993059;2,300092621;10,39299965
Mauritania;2020;-1,763321794;2,385694885;11,27000046
Mauritania;2021;2,299748541;2,3;11,4630003
Mauritius;2009;3,315076989;2,516091281;7,170000076
Mauritius;2010;4,377203239;2,932363014;7,260000229
Mauritius;2011;4,077538074;6,522492549;7,650000095
Mauritius;2012;3,496118338;3,852160333;7,449999809
Mauritius;2013;3,360406103;3,543295739;7,46999979
Mauritius;2014;3,744575773;3,21769192;7,320000172
Mauritius;2015;3,55307173;1,286549708;7,46999979
Mauritius;2016;3,837932629;0,977675135;7,409999847
Mauritius;2017;3,814152115;3,666997027;6,809999943
Mauritius;2018;3,759677231;3,216053831;6,429999828
Mauritius;2019;3,012375907;0,40565519;6,329999924
Mauritius;2020;-14,89467567;2,580800772;7,407000065
Mauritius;2021;4,040219734;4,028528882;7,414000034
Mozambique;2009;6,318197232;3,788613309;3,128999949
Mozambique;2010;6,502353115;12,42554217;3,174999952
Mozambique;2011;7,417384316;11,16660561;3,217000008
Mozambique;2012;7,258439253;2,60245457;3,255000114
Mozambique;2013;6,963607135;4,261352509;3,298000097
Mozambique;2014;7,398512797;2,559748758;3,342000008
Mozambique;2015;6,72327878;3,550759674;3,382999897
Mozambique;2016;3,824214319;17,41804182;3,430000067
Mozambique;2017;3,741317593;15,11320739;3,447000027
Mozambique;2018;3,44381384;3,9113344;3,45600009
Mozambique;2019;2,31460601;2,781106312;3,46600008
Mozambique;2020;-1,233905711;3,141691294;3,809999943
Mozambique;2021;2,224819268;3;3,982000113
Namibia;2009;0,295970914;9,451726515;22,18600082
Namibia;2010;6,03924948;4,874919876;22,20899963
Namibia;2011;5,091338139;5,005595181;22,12000084
Namibia;2012;5,06168207;6,721997773;19,45599937
Namibia;2013;5,614719623;5,600925023;16,77000046
Namibia;2014;6,09251916;5,350169669;19,03000069
Namibia;2015;4,264174538;3,394015384;18,52000046
Namibia;2016;0,03379445;6,728582346;20,9109993
Namibia;2017;-1,027250827;6,145799811;23,35000038
Namibia;2018;1,059943471;4,291591053;19,87999916
Namibia;2019;-0,922335257;3,722394144;19,98800087
Namibia;2020;-7,865936625;2,209382369;21,44599915
Namibia;2021;2,430639858;3,616905301;21,6779995
Niger;2009;1,962600907;0,582906591;1,710000038
Niger;2010;8,578166743;0,804073081;1,26699996
Niger;2011;2,357756936;2,94238514;0,778999984
Niger;2012;10,54894458;0,45508982;0,319999993
Niger;2013;5,315130634;2,29723115;2,180000067
Niger;2014;6,642136655;-0,93028726;1,368999958
Niger;2015;4,392648832;-0,57609037;0,519999981
Niger;2016;5,740893151;1,653889224;0,529999971
Niger;2017;5,001359945;2,796373189;0,533999979
Niger;2018;7,210803008;2,96760366;0,545000017
Niger;2019;5,941396863;-2,489792651;0,55400002
Niger;2020;3,580006403;2,89819376;0,624000013
Niger;2021;1,352053749;3,837868028;0,750999987
Rwanda;2009;6,248259929;12,94439784;1,024000049
Rwanda;2010;7,334656108;-0,246128693;1,059999943
Rwanda;2011;7,958385719;3,080170692;1,077999949
Rwanda;2012;8,641520625;10,27101823;1,098999977
Rwanda;2013;4,719836864;5,92426868;1,118000031
Rwanda;2014;6,167167721;2,354490528;1,15199995
Rwanda;2015;8,856861325;2,528502842;1,169999957
Rwanda;2016;5,970744298;7,17434302;1,148000002
Rwanda;2017;3,976289694;8,279536723;1,144000053
Rwanda;2018;8,579437537;-0,31121016;1,110999942
Rwanda;2019;9,460597561;3,34787655;1,09800005
Rwanda;2020;-3,35885332;9,850399023;1,485000014
Rwanda;2021;10,88451916;-0,391346748;1,606999993
Senegal;2009;2,752104485;-2,248021479;10,13300037
Senegal;2010;3,390889253;1,228681197;10,21100044
Senegal;2011;1,33409108;3,403228298;10,26399994
Senegal;2012;4,002995551;1,418228712;10,35999966
Senegal;2013;2,412385276;0,710245487;9,437999725
Senegal;2014;6,224074438;-1,090255074;8,578000069
Senegal;2015;6,367043651;0,135211934;7,645999908
Senegal;2016;6,369684417;0,837284943;6,760000229
Senegal;2017;7,393737497;1,318153148;4,460000038
Senegal;2018;6,209241034;0,460985642;3,275000095
Senegal;2019;4,613628097;1,758565176;2,859999895
Senegal;2020;1,325505141;2,547434646;3,622999907
Senegal;2021;6,064495968;2,5;3,72300005
Tanzania;2009;5,269105248;12,14222787;2,769000053
Tanzania;2010;6,336523427;6,200155956;2,5
Tanzania;2011;7,672155435;12,69096947;2,986000061
Tanzania;2012;4,50015356;16,00109385;3,470000029
Tanzania;2013;6,781585601;7,870723646;3,227999926
Tanzania;2014;6,732461868;6,13161433;2,930000067
Tanzania;2015;6,160628774;5,58816953;2,119999886
Tanzania;2016;6,867116196;5,174766293;2,142999887
Tanzania;2017;6,785680114;5,318716052;2,157999992
Tanzania;2018;5,444967601;3,494458489;2,20600009
Tanzania;2019;5,799999977;3,46428058;2,221999884
Tanzania;2020;1,996343506;3,290290628;2,528000116
Tanzania;2021;4,279084542;3;2,648999929
Uganda;2009;6,801517348;13,01725619;3,148999929
Uganda;2010;5,637611638;3,976552885;3,599999905
Uganda;2011;9,391655493;15,12515394;3,585999966
Uganda;2012;3,837455606;12,67873624;3,513000011
Uganda;2013;3,586905826;4,902714419;3,549999952
Uganda;2014;5,106307324;3,074677606;1,909999967
Uganda;2015;5,187859862;5,410004196;1,906000018
Uganda;2016;4,781000291;5,445758784;1,911000013
Uganda;2017;3,131405518;5,640931922;1,919999957
Uganda;2018;6,303923781;2,623975052;1,922999978
Uganda;2019;6,438745034;2,86909425;1,924999952
Uganda;2020;2,951306422;3,794422749;2,767999887
Uganda;2021;3,379633422;3;2,936000109
South Africa;2009;-1,538089135;7,215314136;22,40999985
South Africa;2010;3,039732881;4,089729895;23,52000046
South Africa;2011;3,168556279;4,99926697;24,68000031
South Africa;2012;2,396232385;5,724657917;24,63999939
South Africa;2013;2,485468008;5,784469097;24,72999954
South Africa;2014;1,413826452;6,129837703;24,55999947
South Africa;2015;1,321862237;4,540642277;24,88999939
South Africa;2016;0,664552308;6,571396422;25,14999962
South Africa;2017;1,157946952;5,184246648;26,54000092
South Africa;2018;1,487617373;4,517165228;26,90999985
South Africa;2019;0,113053697;4,12024587;28,46999931
South Africa;2020;-6,431974826;3,210035975;29,21999931
South Africa;2021;4,914602661;4,611672178;33,55899811
Zambia;2009;9,220348406;13,39525463;7,929999828
Zambia;2010;10,29822332;8,501761334;10,55799961
Zambia;2011;5,564602337;6,429396811;13,18999958
Zambia;2012;7,597593211;6,575899708;10,55099964
Zambia;2013;5,05723174;6,977676055;7,849999905
Zambia;2014;4,697992363;7,806875536;8,611000061
Zambia;2015;2,920375112;10,11059289;9,362000465
Zambia;2016;3,776679146;17,86973008;10,125
Zambia;2017;3,504336096;6,577311542;10,87199974
Zambia;2018;4,034493897;7,494571927;12,01000023
Zambia;2019;1,441306026;9,150316443;12,52000046
Zambia;2020;-2,785055065;15,73258514;12,84799957
Zambia;2021;3,572815303;22,02123429;13,02600002
Zimbabwe;2009;12,01955993;3;5,013999939
Zimbabwe;2010;19,67532314;3,022670025;5,083000183
Zimbabwe;2011;14,19391296;3,466129728;5,209000111
Zimbabwe;2012;16,66542877;3,725326661;5,369999886
Zimbabwe;2013;1,989492762;1,634950415;5,152999878
Zimbabwe;2014;2,376929327;-0,19778481;4,981999874
Zimbabwe;2015;1,779872703;-2,430968424;4,769999981
Zimbabwe;2016;0,755869251;-1,543669601;4,777999878
Zimbabwe;2017;4,709492179;0,893962316;4,788000107
Zimbabwe;2018;4,82421054;10,61886587;4,796000004
Zimbabwe;2019;-6,144236314;255,3049908;4,833000183
Zimbabwe;2020;-6,248748224;557,2018174;5,350999832
Zimbabwe;2021;5,849419762;98,54610509;5,173999786
